1,Franny,Buff,fbuff0@csmonitor.com,177 453 9357,2024-02-03
2,Sig,Ricoald,sricoald1@parallels.com,764 885 9600,2022-11-20
3,Deirdre,Arguile,darguile2@about.me,550 886 5124,2022-05-15
4,Englebert,Latter,elatter3@nifty.com,556 586 2054,2023-06-08
5,Barton,Dexter,bdexter4@discovery.com,538 378 1748,2022-08-05
6,Delcina,MacVicar,dmacvicar5@people.com.cn,387 493 2641,2023-05-10
7,Correy,Tyndall,ctyndall6@tumblr.com,468 280 5852,2022-04-28
8,Clyve,Hatherall,chatherall7@usgs.gov,713 348 5763,2022-03-10
9,Fabian,Gantzman,fgantzman8@tumblr.com,556 395 0557,2023-12-19
10,Tory,Kellett,tkellett9@chicagotribune.com,847 258 4073,2023-01-12
11,Genni,Ruperto,grupertoa@ezinearticles.com,311 100 4948,2022-09-04
12,Antonin,Riggulsford,ariggulsfordb@ucsd.edu,239 428 2179,2024-03-02
13,Anderson,Pryce,aprycec@live.com,123 309 9515,2022-01-07
14,Tamiko,Jozef,tjozefd@state.gov,668 810 5962,2023-02-18
15,Bruis,Le Lievre,blelievree@cisco.com,545 397 9233,2023-10-05
16,Barb,Jeyness,bjeynessf@gmpg.org,878 169 7117,2022-10-24
17,Chevalier,Bernardeau,cbernardeaug@wordpress.com,646 426 2364,2022-12-29
18,Sax,Edgcumbe,sedgcumbeh@psu.edu,136 234 9908,2024-04-23
19,Orly,Thebe,othebei@hc360.com,705 651 4169,2022-03-19
20,Ellie,Meiklam,emeiklamj@wikia.com,840 717 4000,2022-08-08
21,Doralyn,Norcliffe,dnorcliffek@globo.com,512 310 2372,2022-03-09
22,Roxana,Skettles,rskettlesl@cbsnews.com,323 294 4128,2023-10-21
23,Wilmar,Slegg,wsleggm@hostgator.com,992 504 1739,2022-03-07
24,Gunter,Gillingham,ggillinghamn@google.ru,406 305 3666,2022-04-16
25,Randell,Hathorn,rhathorno@mapquest.com,941 409 1753,2022-05-21
26,Gisela,Longrigg,glongriggp@ca.gov,312 590 5781,2023-10-18
27,Curtice,Veillard,cveillardq@slideshare.net,407 797 8334,2023-02-10
28,Rutter,Lieber,rlieberr@e-recht24.de,725 631 8092,2024-03-05
29,Leticia,Duligall,lduligalls@slideshare.net,763 788 7406,2024-03-20
30,Yvon,Alves,yalvest@lulu.com,197 707 8873,2022-01-22
31,Darwin,Elgar,delgaru@imdb.com,340 501 2653,2023-02-12
32,Fritz,Alvarado,falvaradov@unesco.org,831 402 6976,2022-04-17
33,Gottfried,Corre,gcorrew@cnn.com,961 906 3871,2023-09-20
34,Victor,Rozenbaum,vrozenbaumx@yellowpages.com,776 530 8375,2023-10-09
35,Christoph,Aisman,caismany@nydailynews.com,370 955 4496,2023-12-29
36,Ferris,Overel,foverelz@etsy.com,391 344 8896,2023-09-10
37,Clay,Ehlerding,cehlerding10@tiny.cc,347 317 3089,2022-12-16
38,Dorolisa,Simkovitz,dsimkovitz11@reference.com,114 636 4208,2023-04-23
39,Gabi,McAllaster,gmcallaster12@prlog.org,101 976 9186,2023-03-29
40,Artur,De la Yglesia,adelayglesia13@merriam-webster.com,442 470 6442,2022-09-11
41,Wenda,Le Page,wlepage14@npr.org,772 961 2751,2022-09-30
42,Nathanil,Grishukhin,ngrishukhin15@wordpress.com,454 585 3112,2023-06-11
43,Keane,Boscher,kboscher16@tinypic.com,523 361 7461,2022-09-13
44,Corine,Karleman,ckarleman17@nifty.com,450 161 8263,2022-08-14
45,Gabbie,Spiniello,gspiniello18@mit.edu,325 634 1002,2023-06-30
46,Silvano,Glozman,sglozman19@shinystat.com,646 352 9303,2022-04-01
47,Byrann,Heeley,bheeley1a@berkeley.edu,536 488 7340,2023-09-16
48,Desmond,Dinan,ddinan1b@guardian.co.uk,820 505 6756,2022-01-08
49,Bond,Attersoll,battersoll1c@about.me,230 202 2563,2024-03-03
50,Vince,Stapley,vstapley1d@stanford.edu,343 709 3945,2023-07-14
51,Ash,Tutsell,atutsell1e@dropbox.com,273 227 0254,2024-03-17
52,Bernelle,Broe,bbroe1f@cocolog-nifty.com,438 298 2332,2022-06-12
53,Caralie,Bampfield,cbampfield1g@163.com,294 964 0266,2022-02-23
54,Sayer,Tybalt,stybalt1h@webnode.com,698 974 5981,2023-04-29
55,Francyne,Hembling,fhembling1i@apache.org,561 548 9303,2023-08-01
56,Jacob,Draper,jdraper1j@ebay.com,999 753 3455,2022-10-28
57,Deborah,Boylan,dboylan1k@ifeng.com,262 742 7147,2023-02-01
58,Klara,Eddisford,keddisford1l@mashable.com,393 261 9771,2024-03-22
59,Kizzie,Swyer,kswyer1m@ameblo.jp,562 273 7371,2023-04-25
60,Pansie,Abbatini,pabbatini1n@mac.com,798 797 1612,2024-04-01
61,Valma,Goadby,vgoadby1o@boston.com,192 454 5208,2022-01-10
62,Selia,Lanston,slanston1p@yandex.ru,264 520 5854,2024-01-23
63,Ola,Corkitt,ocorkitt1q@instagram.com,402 376 4959,2022-07-06
64,Simone,Jorn,sjorn1r@mediafire.com,388 700 4449,2023-04-01
65,Mozes,Pischoff,mpischoff1s@cnn.com,205 320 5980,2023-11-18
66,Vania,Gradley,vgradley1t@examiner.com,835 633 7567,2023-08-22
67,Waylan,Swire,wswire1u@gnu.org,582 851 8127,2022-10-11
68,Dermot,Busby,dbusby1v@g.co,741 598 1994,2022-05-16
69,Tori,Delea,tdelea1w@xinhuanet.com,245 511 4175,2022-12-08
70,Rivy,Linfoot,rlinfoot1x@ehow.com,309 431 9957,2023-08-15
71,Rosanna,Kiddy,rkiddy1y@wikia.com,988 929 3207,2022-07-13
72,Denys,Fawloe,dfawloe1z@google.it,644 781 0115,2023-04-14
73,Aubrey,Aberhart,aaberhart20@forbes.com,913 792 3800,2022-03-09
74,Garner,Turnbull,gturnbull21@goo.ne.jp,515 525 3988,2024-04-26
75,Ashlan,Swallwell,aswallwell22@sfgate.com,843 845 0662,2023-08-26
76,Ebeneser,Norcock,enorcock23@theglobeandmail.com,913 919 7462,2023-11-07
77,Justus,Bleiman,jbleiman24@hostgator.com,737 403 0213,2022-04-27
78,Gennie,Guise,gguise25@cbslocal.com,310 734 2691,2023-01-22
79,Rudolph,Angove,rangove26@msn.com,715 972 6385,2023-04-27
80,Noelani,Dellenbach,ndellenbach27@edublogs.org,158 780 8505,2023-03-23
81,Celeste,Critzen,ccritzen28@usda.gov,523 293 5129,2023-05-17
82,Grace,Chadney,gchadney29@about.com,246 727 2294,2022-11-13
83,Roley,Dransfield,rdransfield2a@upenn.edu,541 123 6363,2023-11-14
84,Margeaux,Damp,mdamp2b@army.mil,778 349 3312,2024-03-09
85,Myrta,Cossor,mcossor2c@icq.com,670 991 9539,2024-03-03
86,Carmel,Kingham,ckingham2d@biglobe.ne.jp,342 488 6046,2024-04-01
87,Weber,Langman,wlangman2e@blogtalkradio.com,326 363 1064,2024-02-10
88,Bunni,Spohr,bspohr2f@theguardian.com,654 659 4835,2022-01-31
89,Beverlee,Roggieri,broggieri2g@about.me,295 346 6101,2023-10-03
90,Dall,Jedrzejewsky,djedrzejewsky2h@google.com.br,606 714 7092,2022-10-03
91,Donnajean,Garaway,dgaraway2i@naver.com,197 585 0295,2022-11-27
92,Florence,Hasluck,fhasluck2j@facebook.com,283 649 4280,2022-12-09
93,Pieter,Bramich,pbramich2k@hud.gov,369 577 3510,2023-09-07
94,Gabbey,Reignard,greignard2l@photobucket.com,929 884 0028,2022-05-06
95,Zelma,Mustill,zmustill2m@mtv.com,447 809 1283,2022-12-18
96,Mia,Phoebe,mphoebe2n@oaic.gov.au,372 487 5412,2022-04-13
97,Katee,Cuttell,kcuttell2o@liveinternet.ru,187 114 0855,2023-08-08
98,Kitti,Poland,kpoland2p@go.com,544 122 7159,2022-02-03
99,Norry,Fazackerley,nfazackerley2q@time.com,204 237 0488,2022-07-01
100,Davidde,Reburn,dreburn2r@msn.com,292 564 8715,2022-01-17
